sentiment,tweets
Positive,3.6585365853658534
Negative,96.34146341463415